"ID","Description","GeneRatio","BgRatio","RichFactor","FoldEnrichment","zScore","pvalue","p.adjust","qvalue","geneID","Count"
"GO:0000070","mitotic sister chromatid segregation","56/1618","186/14562",0.301075268817204,2.70967741935484,8.29663956561626,1.22872323469007e-12,6.65599376231609e-09,6.25614135389037e-09,"CDCA8/CDC20/TTK/PLK1/EML4/KIF14/CENPF/NCAPG2/KIF2C/FBXO5/PRC1/NCAPD2/BIRC5/SPC24/BUB1B/TPX2/CDT1/PINX1/KIF18A/NCAPH/DLGAP5/SEH1L/UBE2C/HASPIN/NEK2/NDC80/BUB1/KIF23/PRICKLE1/MAD2L1/TRIP13/NCAPG/MYBL2/KIFC1/AURKB/NUF2/KNL1/CCSAP/ZW10/CDK1/KIF18B/KNSTRN/SMC2/CHMP4C/PSRC1/KIF11/FLNA/MAD2L2/INCENP/STAG1/CENPE/BAZ1B/TENT4A/SKA1/SKA3/HNRNPU",56
"GO:0140014","mitotic nuclear division","70/1618","266/14562",0.263157894736842,2.36842105263158,7.96349850789582,2.70011609258099e-12,7.3132644367556e-09,6.87392712621802e-09,"CDCA2/CDCA8/CDC20/NFIB/TTK/PLK1/EML4/KIF14/CENPF/NCAPG2/KIF2C/FBXO5/MTBP/PRC1/BMP7/NCAPD2/BIRC5/SPC24/BUB1B/TPX2/CDT1/PINX1/UBE2S/KIF18A/NCAPH/DLGAP5/SEH1L/UBE2C/RANBP1/HASPIN/NEK2/NDC80/ANLN/LRP5/BUB1/KIF23/CHEK1/PRICKLE1/MAD2L1/TRIP13/NCAPG/MYBL2/AURKA/KIFC1/AURKB/NUF2/KNL1/CCSAP/ZW10/CDK1/KIF18B/BORA/KNSTRN/SMC2/CHMP4C/PSRC1/KIF11/MKI67/FLNA/MAD2L2/INCENP/STAG1/CENPE/TGFA/BAZ1B/REEP3/TENT4A/SKA1/SKA3/HNRNPU",70
"GO:0000280","nuclear division","93/1618","406/14562",0.229064039408867,2.0615763546798,7.6699862224418,4.76374256196125e-12,8.6017311527147e-09,8.08499044638827e-09,"RAD51AP1/MASTL/CDCA2/CDCA8/CDC20/NFIB/CCNA1/RAD54L/CCNE1/TTK/PLK1/EML4/STRA8/KIF14/CENPF/NCAPG2/KIF2C/FBXO5/PTTG1/CKS2/MTBP/PRC1/CCNB2/BMP7/NCAPD2/BIRC5/FANCA/STAG3/SPC24/CYP26B1/BUB1B/TPX2/CDT1/PINX1/UBE2S/KIF18A/NCAPH/DLGAP5/SEH1L/UBE2C/RANBP1/HASPIN/NEK2/NDC80/ANLN/LRP5/BUB1/KIF23/MND1/CHEK1/PRICKLE1/MAD2L1/TRIP13/RAD51/NCAPG/MYBL2/AURKA/KIFC1/AURKB/NDC1/ASPM/MCMDC2/NUF2/KNL1/CCSAP/ZW10/CDK1/KIF18B/BORA/KNSTRN/SMC2/CALR/CHMP4C/MYBL1/PSRC1/KIF11/MKI67/FLNA/MAD2L2/INCENP/STAG1/CENPE/TGFA/BAZ1B/REEP3/BAG6/BRME1/TENT4A/GPR3/SKA1/SKA3/HNRNPU/FANCD2",93
"GO:0007059","chromosome segregation","90/1618","402/14562",0.223880597014925,2.01492537313433,7.2956857185407,3.95536156375348e-11,5.35654839771315e-08,5.03475891680936e-08,"CDCA2/CDCA8/CDC20/HJURP/CCNE1/TTK/HAUS6/PLK1/EML4/HAUS7/KIF14/CENPF/NCAPG2/KIF2C/FBXO5/DIAPH3/PTTG1/PRC1/CCNB2/NCAPD2/BIRC5/FAM83D/CENPW/CENPO/STAG3/SPC24/BUB1B/TPX2/CDT1/PINX1/PLSCR1/DSN1/KIF18A/NCAPH/DLGAP5/SEH1L/OIP5/UBE2C/HASPIN/NEK2/NDC80/BUB1/KIF23/MND1/DPF3/CENPM/PRICKLE1/MAD2L1/TRIP13/NCAPG/MYBL2/AURKA/KIFC1/AURKB/NDC1/ASPM/MCMDC2/NUF2/SMC5/KNL1/CENPU/CCSAP/ZW10/CDK1/CENPH/RIOK3/KIF18B/CENPL/KNSTRN/SMC2/CHMP4C/PSRC1/KIF11/MKI67/FLNA/MAD2L2/INCENP/ESCO2/SASS6/STAG1/CENPE/BAZ1B/BAG6/TENT4A/SKA1/RMI2/SKA3/SMARCC1/HNRNPU/FANCD2",90
"GO:1905818","regulation of chromosome separation","30/1618","74/14562",0.405405405405405,3.64864864864865,8.07581943809782,6.41396756996587e-11,6.94889246530102e-08,6.5314444496684e-08,"CDCA8/CDC20/TTK/PLK1/CENPF/NCAPG2/FBXO5/NCAPD2/BIRC5/SPC24/BUB1B/PLSCR1/NCAPH/DLGAP5/UBE2C/HASPIN/NDC80/BUB1/MAD2L1/TRIP13/NCAPG/AURKB/NUF2/KNL1/ZW10/SMC2/MAD2L2/INCENP/SKA1/SKA3",30
"GO:0098813","nuclear chromosome segregation","72/1618","298/14562",0.241610738255034,2.1744966442953,7.24252252648008,1.00573451352729e-10,9.0801064329622e-08,8.53462779286227e-08,"CDCA8/CDC20/CCNE1/TTK/PLK1/EML4/KIF14/CENPF/NCAPG2/KIF2C/FBXO5/PTTG1/PRC1/CCNB2/NCAPD2/BIRC5/FAM83D/STAG3/SPC24/BUB1B/TPX2/CDT1/PINX1/DSN1/KIF18A/NCAPH/DLGAP5/SEH1L/UBE2C/HASPIN/NEK2/NDC80/BUB1/KIF23/MND1/DPF3/PRICKLE1/MAD2L1/TRIP13/NCAPG/MYBL2/AURKA/KIFC1/AURKB/NDC1/ASPM/MCMDC2/NUF2/KNL1/CCSAP/ZW10/CDK1/KIF18B/KNSTRN/SMC2/CHMP4C/PSRC1/KIF11/FLNA/MAD2L2/INCENP/STAG1/CENPE/BAZ1B/BAG6/TENT4A/SKA1/RMI2/SKA3/SMARCC1/HNRNPU/FANCD2",72
"GO:0048285","organelle fission","97/1618","455/14562",0.213186813186813,1.91868131868132,7.03888480349528,1.24791749411391e-10,9.65709866516434e-08,9.07695777297589e-08,"RAD51AP1/MASTL/CDCA2/CDCA8/CDC20/NFIB/CCNA1/RAD54L/CCNE1/TTK/PLK1/EML4/STRA8/KIF14/CENPF/NCAPG2/KIF2C/FBXO5/PTTG1/CKS2/MTBP/PRC1/CCNB2/BMP7/NCAPD2/BIRC5/FANCA/STAG3/SPC24/CYP26B1/BUB1B/TPX2/CDT1/PINX1/UBE2S/KIF18A/NCAPH/DLGAP5/SEH1L/UBE2C/RANBP1/HASPIN/NEK2/NDC80/ANLN/LRP5/BUB1/KIF23/MTFR2/MND1/CHEK1/MTFR1/PRICKLE1/MAD2L1/TRIP13/RAD51/NCAPG/MYBL2/AURKA/KIFC1/AURKB/NDC1/CORO1C/ASPM/MCMDC2/NUF2/KNL1/CCSAP/ZW10/CDK1/KIF18B/BORA/KNSTRN/SMC2/CALR/CHMP4C/MYBL1/PSRC1/KIF11/MKI67/DNM1L/FLNA/MAD2L2/INCENP/STAG1/CENPE/TGFA/BAZ1B/REEP3/BAG6/BRME1/TENT4A/GPR3/SKA1/SKA3/HNRNPU/FANCD2",97
"GO:0000819","sister chromatid segregation","59/1618","226/14562",0.261061946902655,2.34955752212389,7.22906668682983,1.99640026630601e-10,1.26357678527456e-07,1.18766862807595e-07,"CDCA8/CDC20/TTK/PLK1/EML4/KIF14/CENPF/NCAPG2/KIF2C/FBXO5/PRC1/NCAPD2/BIRC5/SPC24/BUB1B/TPX2/CDT1/PINX1/KIF18A/NCAPH/DLGAP5/SEH1L/UBE2C/HASPIN/NEK2/NDC80/BUB1/KIF23/DPF3/PRICKLE1/MAD2L1/TRIP13/NCAPG/MYBL2/KIFC1/AURKB/NUF2/KNL1/CCSAP/ZW10/CDK1/KIF18B/KNSTRN/SMC2/CHMP4C/PSRC1/KIF11/FLNA/MAD2L2/INCENP/STAG1/CENPE/BAZ1B/TENT4A/SKA1/RMI2/SKA3/SMARCC1/HNRNPU",59
"GO:0045839","negative regulation of mitotic nuclear division","25/1618","56/14562",0.446428571428571,4.01785714285714,7.99962192437025,2.09935223693393e-10,1.26357678527456e-07,1.18766862807595e-07,"CDCA8/CDC20/TTK/PLK1/CENPF/FBXO5/MTBP/BMP7/BIRC5/SPC24/BUB1B/HASPIN/NDC80/BUB1/CHEK1/MAD2L1/TRIP13/AURKB/NUF2/KNL1/ZW10/MAD2L2/INCENP/SKA1/SKA3",25
"GO:0051304","chromosome separation","30/1618","79/14562",0.379746835443038,3.41772151898734,7.61800342712424,4.3445876832253e-10,2.35346314800315e-07,2.21208111829061e-07,"CDCA8/CDC20/TTK/PLK1/CENPF/NCAPG2/FBXO5/NCAPD2/BIRC5/SPC24/BUB1B/PLSCR1/NCAPH/DLGAP5/UBE2C/HASPIN/NDC80/BUB1/MAD2L1/TRIP13/NCAPG/AURKB/NUF2/KNL1/ZW10/SMC2/MAD2L2/INCENP/SKA1/SKA3",30
"GO:0033047","regulation of mitotic sister chromatid segregation","24/1618","56/14562",0.428571428571429,3.85714285714286,7.57360655561681,1.3454130432889e-09,6.62554768681454e-07,6.22752429702242e-07,"CDCA8/CDC20/TTK/PLK1/CENPF/FBXO5/BIRC5/SPC24/BUB1B/HASPIN/NDC80/BUB1/MAD2L1/TRIP13/AURKB/NUF2/KNL1/ZW10/CDK1/MAD2L2/INCENP/SKA1/SKA3/HNRNPU",24
"GO:0051784","negative regulation of nuclear division","25/1618","61/14562",0.409836065573771,3.68852459016393,7.43927411933035,1.90357819927696e-09,7.58066855300169e-07,7.12526719797697e-07,"CDCA8/CDC20/TTK/PLK1/CENPF/FBXO5/MTBP/BMP7/BIRC5/SPC24/BUB1B/HASPIN/NDC80/BUB1/CHEK1/MAD2L1/TRIP13/AURKB/NUF2/KNL1/ZW10/MAD2L2/INCENP/SKA1/SKA3",25
"GO:0033046","negative regulation of sister chromatid segregation","22/1618","49/14562",0.448979591836735,4.04081632653061,7.53807125196678,2.23907507565123e-09,7.58066855300169e-07,7.12526719797697e-07,"CDCA8/CDC20/TTK/PLK1/CENPF/FBXO5/BIRC5/SPC24/BUB1B/HASPIN/NDC80/BUB1/MAD2L1/TRIP13/AURKB/NUF2/KNL1/ZW10/MAD2L2/INCENP/SKA1/SKA3",22
"GO:0033048","negative regulation of mitotic sister chromatid segregation","22/1618","49/14562",0.448979591836735,4.04081632653061,7.53807125196678,2.23907507565123e-09,7.58066855300169e-07,7.12526719797697e-07,"CDCA8/CDC20/TTK/PLK1/CENPF/FBXO5/BIRC5/SPC24/BUB1B/HASPIN/NDC80/BUB1/MAD2L1/TRIP13/AURKB/NUF2/KNL1/ZW10/MAD2L2/INCENP/SKA1/SKA3",22
"GO:0045841","negative regulation of mitotic metaphase/anaphase transition","22/1618","49/14562",0.448979591836735,4.04081632653061,7.53807125196678,2.23907507565123e-09,7.58066855300169e-07,7.12526719797697e-07,"CDCA8/CDC20/TTK/PLK1/CENPF/FBXO5/BIRC5/SPC24/BUB1B/HASPIN/NDC80/BUB1/MAD2L1/TRIP13/AURKB/NUF2/KNL1/ZW10/MAD2L2/INCENP/SKA1/SKA3",22
"GO:2000816","negative regulation of mitotic sister chromatid separation","22/1618","49/14562",0.448979591836735,4.04081632653061,7.53807125196678,2.23907507565123e-09,7.58066855300169e-07,7.12526719797697e-07,"CDCA8/CDC20/TTK/PLK1/CENPF/FBXO5/BIRC5/SPC24/BUB1B/HASPIN/NDC80/BUB1/MAD2L1/TRIP13/AURKB/NUF2/KNL1/ZW10/MAD2L2/INCENP/SKA1/SKA3",22
"GO:1902100","negative regulation of metaphase/anaphase transition of cell cycle","22/1618","50/14562",0.44,3.96,7.41248258112189,3.58066002366397e-09,1.07757974156598e-06,1.01284517745395e-06,"CDCA8/CDC20/TTK/PLK1/CENPF/FBXO5/BIRC5/SPC24/BUB1B/HASPIN/NDC80/BUB1/MAD2L1/TRIP13/AURKB/NUF2/KNL1/ZW10/MAD2L2/INCENP/SKA1/SKA3",22
"GO:1905819","negative regulation of chromosome separation","22/1618","50/14562",0.44,3.96,7.41248258112189,3.58066002366397e-09,1.07757974156598e-06,1.01284517745395e-06,"CDCA8/CDC20/TTK/PLK1/CENPF/FBXO5/BIRC5/SPC24/BUB1B/HASPIN/NDC80/BUB1/MAD2L1/TRIP13/AURKB/NUF2/KNL1/ZW10/MAD2L2/INCENP/SKA1/SKA3",22
"GO:0051983","regulation of chromosome segregation","38/1618","126/14562",0.301587301587302,2.71428571428571,6.83275186441105,4.7989043362985e-09,1.36156400351081e-06,1.27976935864322e-06,"CDCA8/CDC20/TTK/PLK1/CENPF/NCAPG2/KIF2C/FBXO5/NCAPD2/BIRC5/SPC24/BUB1B/PLSCR1/NCAPH/DLGAP5/UBE2C/HASPIN/NDC80/BUB1/DPF3/MAD2L1/TRIP13/NCAPG/AURKB/NUF2/SMC5/KNL1/ZW10/CDK1/SMC2/MAD2L2/INCENP/CENPE/SKA1/RMI2/SKA3/SMARCC1/HNRNPU",38
"GO:0051985","negative regulation of chromosome segregation","22/1618","51/14562",0.431372549019608,3.88235294117647,7.29011170673595,5.63935000063103e-09,1.36156400351081e-06,1.27976935864322e-06,"CDCA8/CDC20/TTK/PLK1/CENPF/FBXO5/BIRC5/SPC24/BUB1B/HASPIN/NDC80/BUB1/MAD2L1/TRIP13/AURKB/NUF2/KNL1/ZW10/MAD2L2/INCENP/SKA1/SKA3",22
"GO:0007094","mitotic spindle assembly checkpoint signaling","21/1618","47/14562",0.446808510638298,4.02127659574468,7.33468560250688,5.78105447309371e-09,1.36156400351081e-06,1.27976935864322e-06,"CDCA8/CDC20/TTK/PLK1/CENPF/BIRC5/SPC24/BUB1B/HASPIN/NDC80/BUB1/MAD2L1/TRIP13/AURKB/NUF2/KNL1/ZW10/MAD2L2/INCENP/SKA1/SKA3",21
"GO:0071173","spindle assembly checkpoint signaling","21/1618","47/14562",0.446808510638298,4.02127659574468,7.33468560250688,5.78105447309371e-09,1.36156400351081e-06,1.27976935864322e-06,"CDCA8/CDC20/TTK/PLK1/CENPF/BIRC5/SPC24/BUB1B/HASPIN/NDC80/BUB1/MAD2L1/TRIP13/AURKB/NUF2/KNL1/ZW10/MAD2L2/INCENP/SKA1/SKA3",21
"GO:0071174","mitotic spindle checkpoint signaling","21/1618","47/14562",0.446808510638298,4.02127659574468,7.33468560250688,5.78105447309371e-09,1.36156400351081e-06,1.27976935864322e-06,"CDCA8/CDC20/TTK/PLK1/CENPF/BIRC5/SPC24/BUB1B/HASPIN/NDC80/BUB1/MAD2L1/TRIP13/AURKB/NUF2/KNL1/ZW10/MAD2L2/INCENP/SKA1/SKA3",21
"GO:0010965","regulation of mitotic sister chromatid separation","24/1618","60/14562",0.4,3.6,7.13486286490158,7.15544396832613e-09,1.61504333235094e-06,1.51802116117515e-06,"CDCA8/CDC20/TTK/PLK1/CENPF/FBXO5/BIRC5/SPC24/BUB1B/DLGAP5/UBE2C/HASPIN/NDC80/BUB1/MAD2L1/TRIP13/AURKB/NUF2/KNL1/ZW10/MAD2L2/INCENP/SKA1/SKA3",24
"GO:0044772","mitotic cell cycle phase transition","85/1618","411/14562",0.206812652068127,1.86131386861314,6.26237965478166,8.15762491949162e-09,1.76759416755545e-06,1.66140765202446e-06,"EZH2/CDKN2A/ID4/CDK6/MASTL/CDCA8/CDC20/NFIB/E2F3/CCNA1/TICRR/EGFR/FOXM1/CCNE1/TTK/PLK1/MELK/RRM2/KIF14/CENPF/FBXO5/CDC7/CKS2/MTBP/CLSPN/CCNB2/ITGB1/RBL1/BLM/BIRC5/SPC24/BARD1/BUB1B/CCNA2/ORC1/GTPBP4/PINX1/UBE2S/AVEN/DLGAP5/UBE2C/HASPIN/SKP2/TERT/NDC80/ANLN/BUB1/DPF3/CHEK1/CPSF3/MAD2L1/TRIP13/PRKDC/AURKA/AURKB/E2F7/CDC25A/NUF2/SMC5/KNL1/NBN/ZW10/CUL1/MYC/CDK1/RFWD3/TPD52L1/E2F1/CHMP4C/HUS1B/ATAD5/DBF4/GPNMB/MAD2L2/INCENP/SASS6/ADAM17/BCAT1/CENPE/CDKN2C/NES/SKA1/CCNY/SKA3/SMARCC1",85
"GO:0031577","spindle checkpoint signaling","21/1618","48/14562",0.4375,3.9375,7.20701692622449,9.20586006554622e-09,1.91800553750246e-06,1.80278320392903e-06,"CDCA8/CDC20/TTK/PLK1/CENPF/BIRC5/SPC24/BUB1B/HASPIN/NDC80/BUB1/MAD2L1/TRIP13/AURKB/NUF2/KNL1/ZW10/MAD2L2/INCENP/SKA1/SKA3",21
"GO:0051783","regulation of nuclear division","38/1618","131/14562",0.290076335877863,2.61068702290076,6.54710342517718,1.57251590101982e-08,3.15493282808309e-06,2.96540328001281e-06,"RAD51AP1/CDCA2/CDCA8/CDC20/TTK/PLK1/STRA8/CENPF/FBXO5/MTBP/BMP7/BIRC5/SPC24/BUB1B/DLGAP5/UBE2C/HASPIN/NEK2/NDC80/LRP5/BUB1/CHEK1/MAD2L1/TRIP13/AURKA/AURKB/NUF2/KNL1/ZW10/BORA/CALR/MKI67/MAD2L2/INCENP/TGFA/GPR3/SKA1/SKA3",38
"GO:0051306","mitotic sister chromatid separation","24/1618","63/14562",0.380952380952381,3.42857142857143,6.82971747519548,2.23167319257563e-08,4.31749060149363e-06,4.05812151597304e-06,"CDCA8/CDC20/TTK/PLK1/CENPF/FBXO5/BIRC5/SPC24/BUB1B/DLGAP5/UBE2C/HASPIN/NDC80/BUB1/MAD2L1/TRIP13/AURKB/NUF2/KNL1/ZW10/MAD2L2/INCENP/SKA1/SKA3",24
"GO:0007088","regulation of mitotic nuclear division","34/1618","112/14562",0.303571428571429,2.73214285714286,6.50593024375675,2.55443016633217e-08,4.77149938311082e-06,4.48485615773093e-06,"CDCA2/CDCA8/CDC20/TTK/PLK1/CENPF/FBXO5/MTBP/BMP7/BIRC5/SPC24/BUB1B/DLGAP5/UBE2C/HASPIN/NEK2/NDC80/LRP5/BUB1/CHEK1/MAD2L1/TRIP13/AURKA/AURKB/NUF2/KNL1/ZW10/BORA/MKI67/MAD2L2/INCENP/TGFA/SKA1/SKA3",34
"GO:0008608","attachment of spindle microtubules to kinetochore","21/1618","53/14562",0.39622641509434,3.56603773584906,6.61656892104331,7.56803125413114e-08,1.36370448210695e-05,1.28178125005127e-05,"CDCA8/EML4/KIF2C/BIRC5/SPC24/CDT1/DSN1/SEH1L/NEK2/NDC80/AURKB/NUF2/KNL1/ZW10/CDK1/KNSTRN/INCENP/CENPE/SKA1/SKA3/HNRNPU",21
"GO:0007080","mitotic metaphase chromosome alignment","23/1618","62/14562",0.370967741935484,3.33870967741935,6.52437272970582,7.80410539880293e-08,1.36370448210695e-05,1.28178125005127e-05,"CDCA8/TTK/EML4/KIF14/KIF2C/BIRC5/CDT1/PINX1/KIF18A/SEH1L/NDC80/KIFC1/AURKB/NUF2/ZW10/CDK1/CHMP4C/PSRC1/INCENP/CENPE/SKA1/SKA3/HNRNPU",23
"GO:0051315","attachment of mitotic spindle microtubules to kinetochore","14/1618","26/14562",0.538461538461538,4.84615384615385,6.93971246049387,1.0947287245085e-07,1.85317046895704e-05,1.74184303962092e-05,"CDCA8/KIF2C/BIRC5/CDT1/SEH1L/NDC80/AURKB/NUF2/CDK1/INCENP/CENPE/SKA1/SKA3/HNRNPU",14
"GO:0000075","cell cycle checkpoint signaling","45/1618","183/14562",0.245901639344262,2.21311475409836,5.83866684639362,1.87629585493627e-07,3.07996807460297e-05,2.89494196182671e-05,"CDCA8/CDC20/TICRR/STK38/TTK/PLK1/CENPF/CLSPN/BLM/BIRC5/SPC24/BARD1/BUB1B/CDT1/ORC1/LYN/HASPIN/NDC80/BUB1/RNF168/CHEK1/MSH2/MAD2L1/TRIP13/PRKDC/CDC45/RAD51/AURKB/NUF2/KNL1/NBN/ZW10/CDK1/RFWD3/H2AX/RHNO1/E2F1/CHMP4C/HUS1B/MAD2L2/USP28/INCENP/SKA1/SKA3/FANCD2",45
"GO:0051310","metaphase chromosome alignment","30/1618","100/14562",0.3,2.7,6.03094475469754,2.23000819969889e-07,3.55292776993203e-05,3.33948905942525e-05,"CDCA8/TTK/EML4/KIF14/CENPF/KIF2C/BIRC5/FAM83D/SPC24/CDT1/PINX1/DSN1/KIF18A/SEH1L/NEK2/NDC80/KIFC1/AURKB/NUF2/KNL1/ZW10/CDK1/KNSTRN/CHMP4C/PSRC1/INCENP/CENPE/SKA1/SKA3/HNRNPU",30
"GO:0007346","regulation of mitotic cell cycle","89/1618","469/14562",0.189765458422175,1.70788912579957,5.5093522904528,2.38339138908218e-07,3.68880890133091e-05,3.46720726285429e-05,"FOXC1/EZH2/CDKN2A/CDK6/MASTL/CDCA2/CDCA8/CDC20/TICRR/BTG3/EGFR/FOXM1/CCNE1/TTK/PLK1/RRM2/KIF14/CENPF/FBXO5/PTCH1/CDC7/CKS2/MTBP/CLSPN/BMP7/RBL1/BLM/BIRC5/SPC24/BARD1/BUB1B/ORC1/GTPBP4/PINX1/AVEN/DLGAP5/UBE2C/HASPIN/NEK2/TERT/NDC80/ANLN/LRP5/BUB1/DPF3/HECA/CHEK1/MSH2/GAS1/CPSF3/MAD2L1/TRIP13/PRKDC/AURKA/CKS1B/AURKB/E2F7/CDC25A/NUF2/KNL1/NBN/ZW10/CDK1/RFWD3/BORA/E2F1/GMNN/PIM1/CHMP4C/HUS1B/ATAD5/MKI67/GPNMB/MAD2L2/INCENP/SASS6/ADAM17/PAFAH1B1/CENPE/TGFA/PML/CDKN2C/APP/SKA1/INTS13/SKA3/SMARCC1/HNRNPU/FANCD2",89
"GO:0045930","negative regulation of mitotic cell cycle","50/1618","217/14562",0.230414746543779,2.07373271889401,5.63412379526503,3.50103357132213e-07,5.26808301551444e-05,4.9516080071594e-05,"FOXC1/EZH2/CDCA8/CDC20/TICRR/BTG3/TTK/PLK1/CENPF/FBXO5/MTBP/CLSPN/BMP7/RBL1/BLM/BIRC5/SPC24/BARD1/BUB1B/ORC1/GTPBP4/PINX1/AVEN/HASPIN/NDC80/BUB1/HECA/CHEK1/MSH2/GAS1/MAD2L1/TRIP13/PRKDC/AURKB/E2F7/NUF2/KNL1/NBN/ZW10/CDK1/RFWD3/CHMP4C/HUS1B/GPNMB/MAD2L2/INCENP/PML/SKA1/SKA3/FANCD2",50
"GO:0051984","positive regulation of chromosome segregation","14/1618","28/14562",0.5,4.5,6.5539796645005,3.66472328930125e-07,5.36535298868781e-05,5.04303458046946e-05,"CDCA8/NCAPG2/NCAPD2/BIRC5/NCAPH/NCAPG/AURKB/SMC5/CDK1/SMC2/INCENP/SKA1/SKA3/HNRNPU",14
"GO:0090068","positive regulation of cell cycle process","53/1618","237/14562",0.223628691983122,2.0126582278481,5.55699953988434,4.31960248417594e-07,6.15770701494239e-05,5.78778870248173e-05,"RAD51AP1/EZH2/CDCA8/CDC20/EGFR/CCNE1/RRM2/STRA8/KIF14/NCAPG2/FBXO5/CDC7/MTBP/NCAPD2/BIRC5/FAM83D/SVIL/PLSCR1/NCAPH/DLGAP5/UBE2C/RANBP1/TERT/NDC80/LRP5/BUB1/KIF23/CHEK1/CPSF3/MAD2L1/NCAPG/CIT/AURKA/AURKB/E2F7/CDC25A/SMC5/KNL1/CDK1/RHNO1/SMC2/ROCK2/ATAD5/DBF4/DDX11/INCENP/SASS6/ADAM17/TGFA/SKA1/SKA3/HNRNPU/E2F8",53
"GO:1901987","regulation of cell cycle phase transition","80/1618","416/14562",0.192307692307692,1.73076923076923,5.34639077628337,5.57010632178149e-07,7.73673485771547e-05,7.27195796989395e-05,"SIX3/EZH2/CDKN2A/CDK6/CDCA8/CDC20/TICRR/EGFR/STK38/CCNE1/TTK/PLK1/RRM2/KIF14/CENPF/FBXO5/CDC7/MTBP/CLSPN/RBL1/BLM/BIRC5/FAM83D/SPC24/BARD1/BUB1B/CDT1/ORC1/GTPBP4/LYN/PINX1/AVEN/DLGAP5/UBE2C/HASPIN/TERT/NDC80/ANLN/BUB1/RNF168/DPF3/CHEK1/MSH2/CPSF3/MAD2L1/TRIP13/PRKDC/CDC45/RAD51/AURKA/AURKB/E2F7/CDC25A/NUF2/KNL1/NBN/ZW10/CDK1/RFWD3/H2AX/RHNO1/E2F1/CHMP4C/CCNQ/HUS1B/ATAD5/DBF4/GPNMB/MAD2L2/USP28/INCENP/SASS6/ADAM17/CENPE/CDK18/CDKN2C/SKA1/SKA3/SMARCC1/FANCD2",80
"GO:1905820","positive regulation of chromosome separation","15/1618","33/14562",0.454545454545455,4.09090909090909,6.28457549079839,6.72762793097108e-07,9.11089012551759e-05,8.56356218476504e-05,"CDCA8/CDC20/NCAPG2/NCAPD2/BIRC5/PLSCR1/NCAPH/DLGAP5/UBE2C/NCAPG/AURKB/SMC2/INCENP/SKA1/SKA3",15
"GO:0033045","regulation of sister chromatid segregation","30/1618","105/14562",0.285714285714286,2.57142857142857,5.71348131733406,7.16440036252603e-07,9.46574555214719e-05,8.89710001374541e-05,"CDCA8/CDC20/TTK/PLK1/CENPF/FBXO5/BIRC5/SPC24/BUB1B/DLGAP5/UBE2C/HASPIN/NDC80/BUB1/DPF3/MAD2L1/TRIP13/AURKB/NUF2/KNL1/ZW10/CDK1/MAD2L2/INCENP/CENPE/SKA1/RMI2/SKA3/SMARCC1/HNRNPU",30
"GO:0007093","mitotic cell cycle checkpoint signaling","35/1618","133/14562",0.263157894736842,2.36842105263158,5.60503150752383,7.72378460839627e-07,9.9575725647979e-05,9.35938099276691e-05,"CDCA8/CDC20/TICRR/TTK/PLK1/CENPF/CLSPN/BLM/BIRC5/SPC24/BARD1/BUB1B/ORC1/HASPIN/NDC80/BUB1/CHEK1/MSH2/MAD2L1/TRIP13/PRKDC/AURKB/NUF2/KNL1/NBN/ZW10/CDK1/RFWD3/CHMP4C/HUS1B/MAD2L2/INCENP/SKA1/SKA3/FANCD2",35
"GO:0006261","DNA-templated DNA replication","40/1618","162/14562",0.246913580246914,2.22222222222222,5.53066106406418,7.90429426410023e-07,9.9575725647979e-05,9.35938099276691e-05,"MCM10/TICRR/CCNE1/CDK2AP1/FBXO5/CDC7/BLM/MMS22L/RECQL/RFC4/BARD1/CDT1/EXO1/ORC1/RFC2/FBH1/PRIM2/GINS1/MCM7/MCM2/PRKDC/CDC45/RAD51/SSBP1/CHRAC1/E2F7/NBN/CDK1/RFWD3/POLE3/GMNN/MCM8/ATAD5/GINS4/DBF4/DDX11/MCM6/POLD1/E2F8/MCM5",40
"GO:2001251","negative regulation of chromosome organization","28/1618","95/14562",0.294736842105263,2.65263157894737,5.71346033213078,8.3529467722014e-07,0.000102836165147761,9.66583816677947e-05,"CDCA8/CDC20/TTK/PLK1/CENPF/FBXO5/BIRC5/SPC24/BUB1B/PINX1/HASPIN/NDC80/BUB1/MAD2L1/TRIP13/PIF1/AURKB/NUF2/KNL1/NBN/ZW10/MAD2L2/INCENP/BAZ1B/PML/SKA1/SKA3/HNRNPU",28
"GO:1901990","regulation of mitotic cell cycle phase transition","64/1618","313/14562",0.204472843450479,1.84025559105431,5.31302664506211,8.69125072745456e-07,0.000104623344868047,9.83381982893514e-05,"EZH2/CDKN2A/CDK6/CDCA8/CDC20/TICRR/EGFR/CCNE1/TTK/PLK1/RRM2/KIF14/CENPF/FBXO5/CDC7/MTBP/CLSPN/RBL1/BLM/BIRC5/SPC24/BARD1/BUB1B/ORC1/GTPBP4/PINX1/AVEN/DLGAP5/UBE2C/HASPIN/TERT/NDC80/ANLN/BUB1/DPF3/CHEK1/CPSF3/MAD2L1/TRIP13/PRKDC/AURKA/AURKB/E2F7/CDC25A/NUF2/KNL1/NBN/ZW10/CDK1/RFWD3/E2F1/CHMP4C/HUS1B/ATAD5/GPNMB/MAD2L2/INCENP/SASS6/ADAM17/CENPE/CDKN2C/SKA1/SKA3/SMARCC1",64
"GO:0006260","DNA replication","58/1618","275/14562",0.210909090909091,1.89818181818182,5.31631482564164,9.88711020780691e-07,0.000116431469555848,0.000109436961270394,"NASP/RBMS1/NFIB/MCM10/TICRR/EGFR/CCNE1/CDK2AP1/STRA8/DSCC1/FBXO5/CDC7/BLM/DNAJC2/MMS22L/RECQL/RFC4/BARD1/CDT1/CCNA2/EXO1/ORC1/GTPBP4/RFC2/FBH1/PRIM2/GINS1/CHEK1/MCM7/MCM2/PRKDC/CDC45/RAD51/SSBP1/CHRAC1/E2F7/CDC25A/SSRP1/NBN/RNASEH1/CDK1/RFWD3/POLE3/GMNN/UCHL5/MCM8/ATAD5/GINS4/DBF4/DDX11/ESCO2/KIN/MCM6/NFIX/RMI2/POLD1/E2F8/MCM5",58
"GO:1901991","negative regulation of mitotic cell cycle phase transition","41/1618","170/14562",0.241176470588235,2.17058823529412,5.42773515223379,1.11870332710879e-06,0.00012753395926648,0.00011987247961524,"EZH2/CDCA8/CDC20/TICRR/TTK/PLK1/CENPF/FBXO5/CLSPN/RBL1/BLM/BIRC5/SPC24/BARD1/BUB1B/ORC1/GTPBP4/PINX1/AVEN/HASPIN/NDC80/BUB1/CHEK1/MAD2L1/TRIP13/PRKDC/AURKB/E2F7/NUF2/KNL1/NBN/ZW10/CDK1/RFWD3/CHMP4C/HUS1B/GPNMB/MAD2L2/INCENP/SKA1/SKA3",41
"GO:0030071","regulation of mitotic metaphase/anaphase transition","27/1618","91/14562",0.296703296703297,2.67032967032967,5.65098594929581,1.13007754195884e-06,0.00012753395926648,0.00011987247961524,"CDCA8/CDC20/TTK/PLK1/CENPF/FBXO5/BIRC5/SPC24/BUB1B/DLGAP5/UBE2C/HASPIN/NDC80/BUB1/DPF3/MAD2L1/TRIP13/AURKB/NUF2/KNL1/ZW10/MAD2L2/INCENP/CENPE/SKA1/SKA3/SMARCC1",27
"GO:1901988","negative regulation of cell cycle phase transition","53/1618","245/14562",0.216326530612245,1.9469387755102,5.28481194141508,1.28114756789362e-06,0.000141632170924076,0.000133123754799172,"EZH2/CDCA8/CDC20/TICRR/STK38/TTK/PLK1/CENPF/FBXO5/CLSPN/RBL1/BLM/BIRC5/SPC24/BARD1/BUB1B/CDT1/ORC1/GTPBP4/LYN/PINX1/AVEN/HASPIN/NDC80/BUB1/RNF168/CHEK1/MSH2/MAD2L1/TRIP13/PRKDC/CDC45/RAD51/AURKB/E2F7/NUF2/KNL1/NBN/ZW10/CDK1/RFWD3/H2AX/RHNO1/E2F1/CHMP4C/HUS1B/GPNMB/MAD2L2/USP28/INCENP/SKA1/SKA3/FANCD2",53
"GO:0045787","positive regulation of cell cycle","61/1618","299/14562",0.204013377926421,1.83612040133779,5.16475328855813,1.68730504719215e-06,0.000182802628812797,0.000171820937121441,"RAD51AP1/EZH2/CDCA8/CDC20/EGFR/CCNE1/RRM2/STRA8/KIF14/NCAPG2/FBXO5/CDC7/MTBP/NCAPD2/BIRC5/MAP3K7/FAM83D/SCAND3/SVIL/PLSCR1/NCAPH/DLGAP5/UBE2C/RANBP1/TERT/NDC80/LRP5/BUB1/KIF23/CHEK1/CPSF3/MAD2L1/NCAPG/CIT/AURKA/AURKB/E2F7/CDC25A/SMC5/KNL1/CDK1/RHNO1/SMC2/CALR/PIM1/ROCK2/ATAD5/DBF4/DDX11/INCENP/SASS6/ADAM17/PAFAH1B1/TGFA/NR2E1/APP/SKA1/CCNY/SKA3/HNRNPU/E2F8",61
"GO:1902099","regulation of metaphase/anaphase transition of cell cycle","27/1618","93/14562",0.290322580645161,2.61290322580645,5.51672243775456,1.8068046656614e-06,0.000191910997527212,0.000180382129366444,"CDCA8/CDC20/TTK/PLK1/CENPF/FBXO5/BIRC5/SPC24/BUB1B/DLGAP5/UBE2C/HASPIN/NDC80/BUB1/DPF3/MAD2L1/TRIP13/AURKB/NUF2/KNL1/ZW10/MAD2L2/INCENP/CENPE/SKA1/SKA3/SMARCC1",27
"GO:0007091","metaphase/anaphase transition of mitotic cell cycle","27/1618","95/14562",0.284210526315789,2.55789473684211,5.38593712837806,2.8392846238231e-06,0.00029445994608247,0.000276770548701633,"CDCA8/CDC20/TTK/PLK1/CENPF/FBXO5/BIRC5/SPC24/BUB1B/DLGAP5/UBE2C/HASPIN/NDC80/BUB1/DPF3/MAD2L1/TRIP13/AURKB/NUF2/KNL1/ZW10/MAD2L2/INCENP/CENPE/SKA1/SKA3/SMARCC1",27
"GO:0010948","negative regulation of cell cycle process","58/1618","284/14562",0.204225352112676,1.83802816901408,5.04236994667176,2.91607531247775e-06,0.00029445994608247,0.000276770548701633,"EZH2/CDCA8/CDC20/TICRR/STK38/TTK/PLK1/CENPF/FBXO5/MTBP/CLSPN/BMP7/RBL1/BLM/BIRC5/SPC24/BARD1/BUB1B/CDT1/ORC1/GTPBP4/LYN/PINX1/AVEN/HASPIN/NEK2/NDC80/BUB1/RNF168/CHEK1/MSH2/MAD2L1/TRIP13/PRKDC/CDC45/RAD51/AURKB/E2F7/NUF2/KNL1/NBN/ZW10/CDK1/RFWD3/H2AX/RHNO1/E2F1/CHMP4C/HUS1B/GPNMB/MAD2L2/USP28/INCENP/BAZ1B/SKA1/SKA3/FANCD2/E2F8",58
"GO:1902850","microtubule cytoskeleton organization involved in mitosis","39/1618","164/14562",0.23780487804878,2.14024390243902,5.19181495803754,2.93535851734417e-06,0.00029445994608247,0.000276770548701633,"CDCA8/CDC20/STMN1/CENPA/TTK/PLK1/PRC1/ITGB1/BIRC5/TPX2/DLGAP5/NEK2/NDC80/KIF23/FSD1/PRICKLE1/MAD2L1/MYBL2/AURKA/KIFC1/AURKB/NUF2/CCSAP/ZW10/CDK1/CENPH/BORA/CHMP4C/PSRC1/KIF11/FLNA/INCENP/SASS6/WDR62/STAG1/PAFAH1B1/CENPE/INTS13/HNRNPU",39
"GO:0045786","negative regulation of cell cycle","69/1618","358/14562",0.192737430167598,1.73463687150838,4.97576098867869,3.06146931935318e-06,0.000301526896417022,0.000283412958807873,"FOXC1/EZH2/CDKN2A/CDK6/CDCA8/CDC20/TICRR/BTG3/TP53BP2/STK38/TTK/PLK1/CENPF/FBXO5/MTBP/CLSPN/BMP7/RBL1/BLM/BIRC5/SPC24/BARD1/BUB1B/CDT1/ORC1/GTPBP4/LYN/PINX1/AVEN/HASPIN/NEK2/NDC80/BUB1/RNF168/HECA/CHEK1/RUNX3/MSH2/GAS1/MAD2L1/TRIP13/PRKDC/CDC45/RAD51/AURKB/E2F7/NUF2/KNL1/NBN/ZW10/CDK1/RFWD3/H2AX/RHNO1/E2F1/GMNN/CHMP4C/HUS1B/GPNMB/MAD2L2/USP28/INCENP/BAZ1B/PML/NPPC/SKA1/SKA3/FANCD2/E2F8",69
"GO:0050000","chromosome localization","31/1618","118/14562",0.26271186440678,2.36440677966102,5.26128393499225,3.37547135567595e-06,0.00032651657738744,0.000306901408785801,"CDCA8/TTK/EML4/KIF14/CENPF/KIF2C/BIRC5/FAM83D/SPC24/CDT1/PINX1/DSN1/KIF18A/DLGAP5/SEH1L/NEK2/NDC80/KIFC1/AURKB/NUF2/KNL1/ZW10/CDK1/KNSTRN/CHMP4C/PSRC1/INCENP/CENPE/SKA1/SKA3/HNRNPU",31
"GO:0044784","metaphase/anaphase transition of cell cycle","27/1618","97/14562",0.278350515463918,2.50515463917526,5.25845760766419,4.38910821291359e-06,0.000417119284023735,0.000392061245168292,"CDCA8/CDC20/TTK/PLK1/CENPF/FBXO5/BIRC5/SPC24/BUB1B/DLGAP5/UBE2C/HASPIN/NDC80/BUB1/DPF3/MAD2L1/TRIP13/AURKB/NUF2/KNL1/ZW10/MAD2L2/INCENP/CENPE/SKA1/SKA3/SMARCC1",27
"GO:0007052","mitotic spindle organization","33/1618","131/14562",0.251908396946565,2.26717557251908,5.15080174682186,4.46931666396064e-06,0.000417418764977151,0.000392342735092152,"CDCA8/CDC20/STMN1/TTK/PLK1/PRC1/BIRC5/TPX2/DLGAP5/NEK2/NDC80/KIF23/FSD1/PRICKLE1/MYBL2/AURKA/KIFC1/AURKB/NUF2/CCSAP/CENPH/BORA/CHMP4C/PSRC1/KIF11/FLNA/INCENP/SASS6/WDR62/STAG1/CENPE/INTS13/HNRNPU",33
"GO:1903046","meiotic cell cycle process","43/1618","192/14562",0.223958333333333,2.015625,5.00848318879348,4.96305091039796e-06,0.000455675369180098,0.00042830111067966,"RAD51AP1/MASTL/CDC20/CCNA1/RAD54L/CCNE1/TTK/PLK1/STRA8/FBXO5/PTTG1/CKS2/CCNB2/NCAPD2/FANCA/STAG3/MSH6/CYP26B1/KIF18A/NCAPH/NDC80/MND1/TRIP13/RAD51/AURKA/NDC1/ASPM/MCMDC2/CDC25A/NUF2/KNL1/SMC2/CALR/HUS1B/MYBL1/INCENP/BAG6/NPPC/BRME1/GPR3/SKA1/SKA3/FANCD2",43
"GO:1904666","regulation of ubiquitin protein ligase activity","9/1618","15/14562",0.6,5.4,6.0278466335958,6.76518002684695e-06,0.000610783003423832,0.000574090803330855,"CDKN2A/CDC20/PLK1/FBXO5/UBE2S/UBE2C/MAD2L1/RPS7/MAD2L2",9
"GO:0000727","double-strand break repair via break-induced replication","8/1618","12/14562",0.666666666666667,6,6.12603872951061,7.49093296656806e-06,0.0006652194078672,0.000625256993257803,"CDC7/MCM7/MCM2/CDC45/MCMDC2/GINS4/MCM6/MCM5",8
"GO:0044839","cell cycle G2/M phase transition","36/1618","152/14562",0.236842105263158,2.13157894736842,4.95821403055248,7.68288059345672e-06,0.000671260712496049,0.000630935372335316,"CDK6/MASTL/CDC20/TICRR/FOXM1/PLK1/MELK/KIF14/CENPF/FBXO5/CDC7/CLSPN/CCNB2/BLM/BIRC5/BARD1/CCNA2/ORC1/GTPBP4/PINX1/AVEN/SKP2/NDC80/CHEK1/AURKA/AURKB/CDC25A/NBN/CDK1/TPD52L1/CHMP4C/CCNQ/HUS1B/ATAD5/NES/CCNY",36
"GO:0006310","DNA recombination","62/1618","324/14562",0.191358024691358,1.72222222222222,4.64803581109808,1.21130257383373e-05,0.00104152794324719,0.000978959156162699,"RAD51AP1/EID3/BCL11B/PELI1/RAD54L/PLK1/AUNIP/CGAS/CDC7/H1-3/RNF8/BLM/MMS22L/PGBD5/RECQL/MSH6/BARD1/HMGB2/EXO1/FBH1/SKP2/TERT/RNF168/MND1/PARPBP/CHEK1/MSH2/ING3/HSPD1/SEM1/MCM7/MCM2/TRIP13/PRKDC/CDC45/RAD51/H1-4/PIF1/RIF1/MCMDC2/SMC5/NBN/RFWD3/H2AX/TFRC/RHNO1/HMGB3/KDM4D/UCHL5/MCM8/HUS1B/ATAD5/GINS4/MAD2L2/KIN/MCM6/BRME1/RMI2/XRCC2/FANCD2/HROB/MCM5",62
"GO:0033044","regulation of chromosome organization","49/1618","238/14562",0.205882352941176,1.85294117647059,4.69057420232013,1.33595007827469e-05,0.00113075649593969,0.00106282738957478,"EID3/CDCA8/CDC20/TTK/PLK1/CENPF/NCAPG2/FBXO5/NCAPD2/BIRC5/SPC24/BUB1B/PINX1/NCAPH/DLGAP5/UBE2C/HASPIN/NEK2/NDC80/BUB1/DKC1/DPF3/MAD2L1/TRIP13/NCAPG/PIF1/AURKB/NUF2/SMC5/KNL1/NBN/ZW10/MYC/CDK1/SMC2/UCHL5/DDX11/MAD2L2/CCT6A/INCENP/CENPE/BAZ1B/PML/CCT4/SKA1/RMI2/SKA3/SMARCC1/HNRNPU",49
"GO:0051321","meiotic cell cycle","52/1618","259/14562",0.200772200772201,1.80694980694981,4.6326921564985,1.54132787309865e-05,0.0012845189367039,0.00120735269994788,"RAD51AP1/MASTL/CDC20/CCNA1/RAD54L/CCNE1/TTK/PLK1/PIWIL4/STRA8/FBXO5/PTTG1/CKS2/CCNB2/NCAPD2/FANCA/STAG3/MSH6/CYP26B1/EXO1/KIF18A/NCAPH/NEK2/NDC80/MND1/TRIP13/RAD51/AURKA/NDC1/ASPM/MCMDC2/CDC25A/NUF2/KNL1/NBN/ZW10/RBM7/H2AX/SMC2/CALR/HUS1B/MYBL1/INCENP/SMC1B/BAG6/NPPC/BRME1/GPR3/SKA1/SKA3/XRCC2/FANCD2",52
"GO:0030111","regulation of Wnt signaling pathway","60/1618","314/14562",0.191082802547771,1.71974522292994,4.55845077441975,1.74233089364581e-05,0.00143003128043627,0.00134412352991464,"FZD9/SIX3/DLX5/TCF7L1/WNK2/BARX1/FOXL1/SOX10/EGFR/SFRP1/SOSTDC1/NOTCH1/LGR6/WWTR1/AMER1/TMEM131L/GPRC5B/LGR4/SOX4/APCDD1L/FZD7/TLE4/TMEM237/CDH3/NRARP/MACF1/FRZB/MLLT3/TERT/SNAI2/GRB10/DKK1/MDFIC/NXN/PRICKLE1/PTK7/FERMT1/ATP6V1C2/KANK1/SOX9/NFATC1/DEPDC1B/CDH2/LGR5/ASPM/HSP90B1/PPM1B/PPP2R3A/DISC1/YAP1/MDK/TBL1XR1/MAD2L2/TNFAIP3/CTHRC1/APP/NOTUM/OTULIN/CCNY/TLE1",60
"GO:0140013","meiotic nuclear division","38/1618","170/14562",0.223529411764706,2.01176470588235,4.69130877479503,1.80803102606858e-05,0.0014618065773453,0.00137398995649548,"RAD51AP1/MASTL/CDC20/CCNA1/RAD54L/CCNE1/TTK/PLK1/STRA8/FBXO5/PTTG1/CKS2/CCNB2/FANCA/STAG3/CYP26B1/KIF18A/NCAPH/NDC80/MND1/TRIP13/RAD51/AURKA/NDC1/ASPM/MCMDC2/NUF2/KNL1/SMC2/CALR/MYBL1/INCENP/BAG6/BRME1/GPR3/SKA1/SKA3/FANCD2",38
"GO:2000179","positive regulation of neural precursor cell proliferation","16/1618","47/14562",0.340425531914894,3.06382978723404,5.01031340452935,2.60732377575049e-05,0.00207704013135888,0.00195226394788005,"FZD9/ID4/SMO/SOX10/NOTCH1/ITGB1/LYN/ASPM/TOX/DISC1/MDK/FLNA/WDR62/LHX2/NR2E1/NES",16
"GO:0000086","G2/M transition of mitotic cell cycle","32/1618","136/14562",0.235294117647059,2.11764705882353,4.62968856363438,2.77409452037326e-05,0.00217786521983506,0.00204703206636849,"CDK6/MASTL/CDC20/TICRR/FOXM1/PLK1/MELK/KIF14/CENPF/FBXO5/CDC7/CLSPN/BLM/BIRC5/BARD1/CCNA2/ORC1/GTPBP4/PINX1/AVEN/SKP2/CHEK1/AURKA/AURKB/CDC25A/NBN/CDK1/TPD52L1/CHMP4C/HUS1B/NES/CCNY",32
"GO:0051782","negative regulation of cell division","8/1618","14/14562",0.571428571428571,5.14285714285714,5.48293297500577,3.69958792729082e-05,0.00286295254316206,0.0026909634292189,"PTCH1/BLM/AURKB/E2F7/ASPM/MYC/CHMP4C/E2F8",8
"GO:0007051","spindle organization","42/1618","202/14562",0.207920792079208,1.87128712871287,4.40869820623804,4.23357135796633e-05,0.0032300360628315,0.0030359947603385,"CDCA8/CDC20/STMN1/TTK/HAUS6/PLK1/HAUS7/AUNIP/FBXO5/PRC1/CCNB2/BIRC5/TPX2/DLGAP5/NEK2/NDC80/KIF23/FSD1/PRICKLE1/MYBL2/AURKA/KIFC1/AURKB/ASPM/NUF2/CCSAP/CENPH/BORA/KNSTRN/CHMP4C/PSRC1/KIF11/FLNA/INCENP/SASS6/WDR62/STAG1/CENPE/SKA1/INTS13/SKA3/HNRNPU",42
"GO:0045132","meiotic chromosome segregation","22/1618","81/14562",0.271604938271605,2.44444444444444,4.60887238350869,4.9796328509355e-05,0.00374648210465522,0.00352141580408991,"CCNE1/TTK/PLK1/FBXO5/PTTG1/CCNB2/STAG3/NCAPH/NDC80/MND1/TRIP13/AURKA/NDC1/ASPM/MCMDC2/NUF2/KNL1/SMC2/BAG6/SKA1/SKA3/FANCD2",22
"GO:0010001","glial cell differentiation","46/1618","230/14562",0.2,1.8,4.32365579594497,5.15838368499195e-05,0.00382780334542484,0.00359785174971969,"SOX8/ID4/PHGDH/CDK6/SERPINE2/NFIB/SMO/SOX10/ADGRG6/GSTP1/ROR1/DNER/EED/NOTCH1/TNFRSF21/CXCR4/QKI/S100A8/PARD3/NDRG1/SOX4/MYCN/ZNF488/S100A9/NAB1/GPM6B/IL34/LYN/RHEB/VPS54/B4GALT5/IFNGR1/SOX9/CDH2/RNF112/S100B/PTPRZ1/CDK1/SUZ12/SOX6/MDK/VIM/NR2E1/CDKN2C/APP/EIF2B3",46
"GO:0014015","positive regulation of gliogenesis","18/1618","60/14562",0.3,2.7,4.66510264243565,5.74299004247457e-05,0.00420402392703848,0.00395147124259594,"SOX8/SERPINE2/SOX10/NOTCH1/ETV5/CXCR4/QKI/SLC7A5/ZNF488/IL34/LYN/PLAG1/RHEB/RNF112/PTPRZ1/E2F1/MDK/PRKCI",18
"GO:0030174","regulation of DNA-templated DNA replication initiation","8/1618","15/14562",0.533333333333333,4.8,5.20586754719637,7.15452498398356e-05,0.00516747491176519,0.00485704383824961,"TICRR/CDT1/MCM7/MCM2/NBN/GMNN/MCM6/MCM5",8
"GO:0006270","DNA replication initiation","13/1618","36/14562",0.361111111111111,3.25,4.77871748477105,7.37437255766969e-05,0.00525618107169694,0.00494042106114242,"MCM10/TICRR/CCNE1/CDT1/ORC1/PRIM2/MCM7/MCM2/CDC45/NBN/GMNN/MCM6/MCM5",13
"GO:0000725","recombinational repair","40/1618","194/14562",0.206185567010309,1.85567010309278,4.24189262330307,7.74916176040153e-05,0.00545158561767468,0.00512408686740426,"RAD51AP1/EID3/PELI1/RAD54L/PLK1/AUNIP/CGAS/CDC7/RNF8/BLM/MMS22L/RECQL/FBH1/SKP2/PARPBP/CHEK1/ING3/SEM1/MCM7/MCM2/PRKDC/CDC45/RAD51/RIF1/MCMDC2/SMC5/NBN/RFWD3/H2AX/RHNO1/KDM4D/MCM8/HUS1B/GINS4/MAD2L2/MCM6/RMI2/XRCC2/HROB/MCM5",40
"GO:0090329","regulation of DNA-templated DNA replication","14/1618","41/14562",0.341463414634146,3.07317073170732,4.69979962293138,7.96861954098288e-05,0.00553410410942362,0.005201648140315,"TICRR/FBXO5/CDC7/CDT1/MCM7/MCM2/SSBP1/E2F7/NBN/GMNN/DBF4/MCM6/E2F8/MCM5",14
"GO:0044786","cell cycle DNA replication","15/1618","46/14562",0.326086956521739,2.93478260869565,4.64663135293517,8.17764943678498e-05,0.00560738316443851,0.00527052502674603,"FBXO5/CDC7/BLM/CDT1/GINS1/MCM2/CDC45/RAD51/E2F7/CDK1/GMNN/ATAD5/DBF4/MCM6/E2F8",15
"GO:0042063","gliogenesis","57/1618","310/14562",0.183870967741935,1.65483870967742,4.12029101862257,8.55792109535414e-05,0.00579478232169168,0.00544666636029316,"SOX8/EZH2/ID4/PHGDH/CDK6/SERPINE2/NFIB/SMO/SOX10/ADGRG6/GSTP1/ROR1/DNER/EED/NOTCH1/TNFRSF21/ETV5/CXCR4/QKI/S100A8/LRP8/PARD3/SLC7A5/NDRG1/SOX4/MYCN/ZNF488/S100A9/NAB1/GPM6B/IL34/LYN/PLAG1/RHEB/VPS54/B4GALT5/IFNGR1/SOX9/CDH2/RNF112/SRGAP2C/S100B/PTPRZ1/CDK1/SUZ12/E2F1/DISC1/SOX6/MDK/VIM/PRKCI/P2RY1/PAFAH1B1/NR2E1/CDKN2C/APP/EIF2B3",57
"GO:0010212","response to ionizing radiation","31/1618","138/14562",0.22463768115942,2.02173913043478,4.26370668104367,9.37228096903952e-05,0.00626785753201075,0.00589132203343004,"RAD51AP1/TANK/CXCL10/RAD54L/IKBIP/TICRR/SFRP1/RNF8/BLM/TSPYL5/BARD1/SNAI2/CRYAB/RNF168/VCAM1/MSH2/IFI16/CBL/PRKDC/RAD51/RFWD3/H2AX/RHNO1/KDM4D/YAP1/KARS1/LCN2/USP28/PML/XRCC2/FANCD2",31
"GO:0019730","antimicrobial humoral response","23/1618","90/14562",0.255555555555556,2.3,4.37371960652685,9.50991443286764e-05,0.00628234225400536,0.00590493659971512,"BPI/PI3/CXCL10/CXCL11/KLK7/SPINK5/LYZ/S100A9/POMC/CXCL9/H2BC11/KRT6A/GATA6/SPON2/CXCL3/RPS19/SLPI/CCL8/MMP7/KLK5/CCL20/RPL30/APP",23
"GO:0090232","positive regulation of spindle checkpoint","7/1618","12/14562",0.583333333333333,5.25,5.20713292008402,9.85355076746611e-05,0.00643092584426071,0.00604459417403089,"CDCA8/BIRC5/NDC80/MAD2L1/AURKB/KNL1/INCENP",7
"GO:0016055","Wnt signaling pathway","74/1618","433/14562",0.170900692840647,1.53810623556582,4.01889692494376,0.000100572481274108,0.0064857277507362,0.00609610390880775,"WNT6/FZD9/SIX3/DLX5/TCF7L1/WNK2/BARX1/FOXL1/SOX10/EGFR/CCNE1/ROR1/IFRD1/SFRP1/SOSTDC1/NOTCH1/LGR6/WWTR1/AMER1/TMEM131L/GPRC5B/LGR4/FOXD1/SOX4/APCDD1L/FZD7/SNAI1/TLE4/TMEM237/CDH3/NRARP/MACF1/FRZB/MLLT3/PYGO1/TERT/LRP5/SNAI2/GRB10/DKK1/MDFIC/NXN/PRICKLE1/PTK7/FERMT1/ATP6V1C2/KANK1/SOX9/NFATC1/DEPDC1B/CDH2/LGR5/ASPM/AMOTL1/MYC/HSP90B1/PPM1B/WNT10A/PPP2R3A/DISC1/STRN/YAP1/MDK/TBL1XR1/MAD2L2/TNFAIP3/LRRFIP2/CTHRC1/APP/NOTUM/OTULIN/CCNY/TLE1/EXT1",74
"GO:0065004","protein-DNA complex assembly","38/1618","184/14562",0.206521739130435,1.85869565217391,4.14428432548649,0.000111625999217364,0.00711385926777013,0.00668650103051876,"NASP/HJURP/CENPA/TAF4B/HEY2/ANP32B/CENPF/POLR1E/H1-3/TSPYL5/CENPW/CENPO/TAF11/HMGB2/CDT1/H2BC11/DLGAP5/OIP5/MED8/MED30/ATAD2/MCM2/SOX9/CDC45/RAD51/CHRAC1/H1-4/HP1BP3/MCMDC2/SSRP1/CENPH/H2AX/POLE3/MACROH2A2/GMNN/MED17/H4C3/CENPE",38
"GO:0098773","skin epidermis development","28/1618","121/14562",0.231404958677686,2.08264462809917,4.22795721643776,0.000116993207393056,0.00736921167963003,0.00692651339241383,"GAL/STMN1/SMO/EGFR/TFAP2C/SOSTDC1/NOTCH1/KRT16/LGR4/SPINK5/FOXQ1/SNAI1/CDH3/CYP26B1/GRHL1/DKK1/FERMT1/SOX9/GATA6/LGR5/CD109/GORAB/GNAS/WNT10A/IL18/ZNF750/LHX2/EXT1",28
"GO:0071459","protein localization to chromosome, centromeric region","12/1618","33/14562",0.363636363636364,3.27272727272727,4.62101139029294,0.000128900873163393,0.0080259313784609,0.00754378128846135,"CENPA/TTK/MTBP/BUB1B/H2BC11/HASPIN/AURKB/SMC5/KNL1/ZW10/CDK1/H4C3",12
"GO:0036297","interstrand cross-link repair","14/1618","43/14562",0.325581395348837,2.93023255813954,4.48152805386653,0.00014312716453407,0.00881045284410295,0.00828117338338874,"RAD51AP1/FANCE/RNF8/FANCA/NEIL3/RNF168/RAD51/FANCC/RFWD3/MCM8/DCLRE1B/FANCI/FANCD2/HROB",14
"GO:2000177","regulation of neural precursor cell proliferation","21/1618","81/14562",0.259259259259259,2.33333333333333,4.25434373862341,0.000151461730641404,0.00921874376274702,0.00866493661871639,"FZD9/SIX3/ID4/SMO/SOX10/NOTCH1/ITGB1/SHCBP1/LYN/CDH2/ASPM/PTPRZ1/TOX/DISC1/MDK/FLNA/WDR62/PDE9A/LHX2/NR2E1/NES",21
"GO:0008544","epidermis development","56/1618","310/14562",0.180645161290323,1.6258064516129,3.93761801779694,0.000159749771674289,0.00961516125732914,0.00903753971448579,"FOXC1/EZH2/CDKN2A/PKP1/GAL/BCL11B/STMN1/FABP5/SMO/PLOD1/EGFR/HEY2/TFAP2C/SOSTDC1/NOTCH1/PTCH1/YBX1/KLK7/KRT16/LGR4/SPINK5/MYCN/FOXQ1/CLIC4/SNAI1/NAB1/CDH3/CYP26B1/CSTA/GRHL1/MYCL/TMEM132E/DKK1/KRT6A/FERMT1/SOX9/GATA6/LGR5/CD109/KRT81/GSDME/GORAB/GNAS/WNT10A/IL18/MACROH2A2/KLK5/PLOD3/ROCK2/YAP1/ZNF750/DSP/PAFAH1B1/LHX2/ZBED2/EXT1",56
"GO:0042770","signal transduction in response to DNA damage","39/1618","195/14562",0.2,1.8,3.97626073150217,0.000185930727727224,0.0110679862867953,0.0104030876809321,"CDKN2A/TICRR/FOXM1/STK38/PLK1/RBM38/CLSPN/RNF8/NDRG1/BLM/SOX4/MAP3K7/SNAI1/BARD1/LYN/SNAI2/RNF168/CHEK1/MSH2/SPRED1/GTSE1/CASP2/PRKDC/RAD51/E2F7/NBN/CDK1/RFWD3/H2AX/AARS1/RHNO1/E2F1/HUS1B/ATAD5/MAD2L2/USP28/PML/FANCD2/USP10",39
"GO:0014013","regulation of gliogenesis","22/1618","88/14562",0.25,2.25,4.1582220053718,0.000189018881935538,0.0111295139504871,0.0104609191295446,"SOX8/EZH2/ID4/SERPINE2/SOX10/NOTCH1/ETV5/CXCR4/QKI/SLC7A5/MYCN/ZNF488/IL34/LYN/PLAG1/RHEB/RNF112/PTPRZ1/E2F1/MDK/PRKCI/NR2E1",22
"GO:0051231","spindle elongation","7/1618","13/14562",0.538461538461538,4.84615384615385,4.90492491649203,0.000192993471764422,0.0112413509306223,0.0105660376109169,"CDCA8/PRC1/BIRC5/KIF23/AURKB/KIF11/INCENP",7
"GO:0090307","mitotic spindle assembly","19/1618","71/14562",0.267605633802817,2.40845070422535,4.20602892341342,0.000196902599817141,0.0113470359915899,0.0106653737437347,"CDCA8/CDC20/PLK1/PRC1/BIRC5/TPX2/NEK2/KIF23/PRICKLE1/MYBL2/KIFC1/AURKB/CCSAP/CHMP4C/KIF11/FLNA/INCENP/STAG1/HNRNPU",19
"GO:0000724","double-strand break repair via homologous recombination","38/1618","189/14562",0.201058201058201,1.80952380952381,3.96038514985976,0.000199668103686949,0.0113852854491811,0.0107013254020362,"RAD51AP1/EID3/PELI1/RAD54L/PLK1/AUNIP/CGAS/CDC7/RNF8/BLM/MMS22L/RECQL/FBH1/SKP2/PARPBP/CHEK1/ING3/SEM1/MCM7/MCM2/PRKDC/CDC45/RAD51/RIF1/MCMDC2/SMC5/NBN/RFWD3/H2AX/KDM4D/MCM8/HUS1B/GINS4/MAD2L2/MCM6/RMI2/XRCC2/MCM5",38
"GO:0051225","spindle assembly","29/1618","131/14562",0.221374045801527,1.99236641221374,4.0337604041376,0.000203381585176353,0.0114762296552115,0.010786806222566,"CDCA8/CDC20/HAUS6/PLK1/HAUS7/FBXO5/PRC1/CCNB2/BIRC5/TPX2/NEK2/NDC80/KIF23/PRICKLE1/MYBL2/AURKA/KIFC1/AURKB/ASPM/CCSAP/CHMP4C/KIF11/FLNA/INCENP/SASS6/STAG1/SKA1/SKA3/HNRNPU",29
"GO:0051383","kinetochore organization","9/1618","21/14562",0.428571428571429,3.85714285714286,4.63228288649209,0.000213191643228224,0.0117687035658906,0.0110617100450264,"CENPA/CENPF/CENPW/DLGAP5/NDC80/NUF2/CENPH/SMC2/CENPE",9
"GO:0051988","regulation of attachment of spindle microtubules to kinetochore","9/1618","21/14562",0.428571428571429,3.85714285714286,4.63228288649209,0.000213191643228224,0.0117687035658906,0.0110617100450264,"CDCA8/BIRC5/NEK2/AURKB/ZW10/CDK1/KNSTRN/INCENP/HNRNPU",9
"GO:0071824","protein-DNA complex organization","40/1618","203/14562",0.197044334975369,1.77339901477833,3.92319724150513,0.000215082453945573,0.0117687035658906,0.0110617100450264,"NASP/HJURP/CENPA/TAF4B/HEY2/ANP32B/CENPF/POLR1E/H1-3/TSPYL5/CENPW/CENPO/TAF11/HMGB2/CDT1/H2BC11/DLGAP5/OIP5/MED8/MED30/ATAD2/MCM2/SOX9/CDC45/RAD51/CHRAC1/H1-4/HP1BP3/MCMDC2/SSRP1/MYC/CENPH/H2AX/POLE3/MACROH2A2/GMNN/MED17/H4C3/CENPE/SMARCC1",40
"GO:0043588","skin development","47/1618","251/14562",0.187250996015936,1.68525896414343,3.87174907036781,0.000223845314635678,0.0121257006938147,0.0113972609146608,"FOXC1/EZH2/CDKN2A/PKP1/GAL/BCL11B/STMN1/SMO/EGFR/TFAP2C/SOSTDC1/SLITRK5/NOTCH1/KRT16/LGR4/SPINK5/FOXQ1/CLIC4/SNAI1/CDH3/CYP26B1/CSTA/GRHL1/RYR1/ITGA6/DKK1/KRT6A/FERMT1/SOX9/GATA6/LGR5/CD109/AHDC1/KRT81/GORAB/GNAS/WNT10A/IL18/MACROH2A2/KLK5/ROCK2/YAP1/ZNF750/DSP/LHX2/ZBED2/EXT1",47
"GO:0022612","gland morphogenesis","26/1618","114/14562",0.228070175438596,2.05263157894737,3.98910585888848,0.000258345236234704,0.0138066525330135,0.0129772311926754,"CDKN2A/ID4/SERPINB5/NFIB/EGFR/CYP7B1/TFAP2C/SFRP1/SOSTDC1/CEBPB/NOTCH1/ETV5/PTCH1/BMP7/CSMD1/PLAG1/LRP5/SNAI2/MSN/SOX9/LAMA1/MDK/TNFAIP3/PHB2/TGFA/PML",26
"GO:0051256","mitotic spindle midzone assembly","6/1618","10/14562",0.6,5.4,4.92087055457094,0.000263335583992166,0.0138066525330135,0.0129772311926754,"CDCA8/PRC1/BIRC5/KIF23/AURKB/INCENP",6
"GO:1902423","regulation of attachment of mitotic spindle microtubules to kinetochore","6/1618","10/14562",0.6,5.4,4.92087055457094,0.000263335583992166,0.0138066525330135,0.0129772311926754,"CDCA8/BIRC5/AURKB/CDK1/INCENP/HNRNPU",6
"GO:0042303","molting cycle","24/1618","102/14562",0.235294117647059,2.11764705882353,4.00471142167642,0.000267620180167329,0.0138066525330135,0.0129772311926754,"GAL/SMO/EGFR/TFAP2C/SOSTDC1/NOTCH1/KRT16/LGR4/SPINK5/FOXQ1/SNAI1/CDH3/TERT/DKK1/FERMT1/SOX9/LGR5/CD109/GORAB/GNAS/WNT10A/TRPV3/LHX2/EXT1",24
"GO:0042633","hair cycle","24/1618","102/14562",0.235294117647059,2.11764705882353,4.00471142167642,0.000267620180167329,0.0138066525330135,0.0129772311926754,"GAL/SMO/EGFR/TFAP2C/SOSTDC1/NOTCH1/KRT16/LGR4/SPINK5/FOXQ1/SNAI1/CDH3/TERT/DKK1/FERMT1/SOX9/LGR5/CD109/GORAB/GNAS/WNT10A/TRPV3/LHX2/EXT1",24
"GO:0051438","regulation of ubiquitin-protein transferase activity","9/1618","22/14562",0.409090909090909,3.68181818181818,4.45050276723939,0.00032538641620224,0.0161708093263076,0.0151993635458255,"CDKN2A/CDC20/PLK1/FBXO5/UBE2S/UBE2C/MAD2L1/RPS7/MAD2L2",9
"GO:0090266","regulation of mitotic cell cycle spindle assembly checkpoint","9/1618","22/14562",0.409090909090909,3.68181818181818,4.45050276723939,0.00032538641620224,0.0161708093263076,0.0151993635458255,"CDCA8/BIRC5/NDC80/MAD2L1/AURKB/KNL1/INCENP/SKA1/SKA3",9
"GO:1901970","positive regulation of mitotic sister chromatid separation","9/1618","22/14562",0.409090909090909,3.68181818181818,4.45050276723939,0.00032538641620224,0.0161708093263076,0.0151993635458255,"CDCA8/CDC20/BIRC5/DLGAP5/UBE2C/AURKB/INCENP/SKA1/SKA3",9
"GO:1903504","regulation of mitotic spindle checkpoint","9/1618","22/14562",0.409090909090909,3.68181818181818,4.45050276723939,0.00032538641620224,0.0161708093263076,0.0151993635458255,"CDCA8/BIRC5/NDC80/MAD2L1/AURKB/KNL1/INCENP/SKA1/SKA3",9
"GO:0051052","regulation of DNA metabolic process","76/1618","465/14562",0.163440860215054,1.47096774193548,3.64926074933547,0.000341597465612058,0.0167029677468807,0.0156995530623207,"RAD51AP1/EID3/PELI1/TICRR/EGFR/FOXM1/PLK1/AUNIP/DEK/DSCC1/FBXO5/CGAS/CDC7/H1-3/RNF8/BLM/DNAJC2/MSH6/RFC4/BARD1/CDT1/CCNA2/GTPBP4/PINX1/CEBPG/USP1/RFC2/FBH1/SKP2/NEK2/RNF168/SF3B3/DKC1/DPF3/PARPBP/CHEK1/MSH2/ING3/MCM7/MCM2/PRKDC/RAD51/SSBP1/CHRAC1/H1-4/PIF1/AURKB/RIF1/E2F7/CDC25A/SMC5/NBN/MYC/CDK1/ENY2/H2AX/TFRC/POLE3/KDM4D/GMNN/UCHL5/ATAD5/DBF4/DDX11/MAD2L2/CCT6A/ESCO2/PML/MCM6/NPPC/CCT4/RMI2/SMARCC1/HNRNPU/E2F8/MCM5",76
"GO:0007062","sister chromatid cohesion","16/1618","57/14562",0.280701754385965,2.52631578947368,4.08200531308338,0.000342261292210404,0.0167029677468807,0.0156995530623207,"CDC20/PLK1/DSCC1/STAG3/BUB1B/HASPIN/BUB1/CDCA5/SMC5/DDX11/NAA50/ESCO2/PHB2/SMC1B/STAG1/TENT4A",16
"GO:0060070","canonical Wnt signaling pathway","52/1618","291/14562",0.178694158075601,1.60824742268041,3.70552865675864,0.000353414959699367,0.0170932931847453,0.0160664300758068,"WNT6/FZD9/DLX5/TCF7L1/WNK2/SOX10/EGFR/SFRP1/SOSTDC1/NOTCH1/LGR6/WWTR1/AMER1/TMEM131L/GPRC5B/LGR4/FOXD1/SOX4/FZD7/SNAI1/TLE4/CDH3/NRARP/FRZB/MLLT3/PYGO1/LRP5/SNAI2/DKK1/PRICKLE1/PTK7/FERMT1/KANK1/SOX9/CDH2/LGR5/ASPM/PPM1B/WNT10A/PPP2R3A/DISC1/YAP1/MDK/TBL1XR1/MAD2L2/CTHRC1/APP/NOTUM/OTULIN/CCNY/TLE1/EXT1",52
"GO:0001942","hair follicle development","21/1618","86/14562",0.244186046511628,2.19767441860465,3.93835009218182,0.000370700054957123,0.0177706389177233,0.016703084916885,"GAL/SMO/EGFR/TFAP2C/SOSTDC1/NOTCH1/LGR4/SPINK5/FOXQ1/SNAI1/CDH3/DKK1/FERMT1/SOX9/LGR5/CD109/GORAB/GNAS/WNT10A/LHX2/EXT1",21
"GO:0061844","antimicrobial humoral immune response mediated by antimicrobial peptide","18/1618","69/14562",0.260869565217391,2.34782608695652,3.967618115584,0.000404165112626004,0.0192049334657462,0.0180512156026961,"BPI/CXCL10/CXCL11/KLK7/SPINK5/S100A9/POMC/CXCL9/H2BC11/KRT6A/CXCL3/RPS19/CCL8/MMP7/KLK5/CCL20/RPL30/APP",18
"GO:0034502","protein localization to chromosome","25/1618","111/14562",0.225225225225225,2.02702702702703,3.84012197187652,0.000412036130068913,0.0194086931876809,0.0182427346557742,"EZH2/CENPA/TTK/PLK1/MTBP/RNF8/MMS22L/BUB1B/PINX1/H2BC11/HASPIN/SKP2/PRKDC/AURKB/SMC5/KNL1/NBN/ZW10/CDK1/H2AX/RHNO1/MCM8/ESCO2/H4C3/PML",25
"GO:0007143","female meiotic nuclear division","12/1618","37/14562",0.324324324324324,2.91891891891892,4.13190210630029,0.000441115478594201,0.0204232696371349,0.0191963614031502,"MASTL/TTK/PLK1/FBXO5/CCNB2/NCAPH/NDC80/TRIP13/AURKA/BRME1/SKA1/SKA3",12
"GO:0030261","chromosome condensation","12/1618","37/14562",0.324324324324324,2.91891891891892,4.13190210630029,0.000441115478594201,0.0204232696371349,0.0191963614031502,"PLK1/NCAPG2/H1-3/NCAPD2/NCAPH/NCAPG/H1-4/SMC5/CDK1/SMC2/BAZ1B/TENT4A",12
"GO:0006275","regulation of DNA replication","25/1618","112/14562",0.223214285714286,2.00892857142857,3.78953668837378,0.000475497631503857,0.021828564998783,0.0205172350007507,"TICRR/EGFR/DSCC1/FBXO5/CDC7/CDT1/CCNA2/GTPBP4/MCM7/MCM2/SSBP1/CHRAC1/E2F7/CDC25A/NBN/CDK1/POLE3/GMNN/UCHL5/ATAD5/DBF4/ESCO2/MCM6/E2F8/MCM5",25
"GO:0090231","regulation of spindle checkpoint","9/1618","23/14562",0.391304347826087,3.52173913043478,4.27905052757322,0.000482182414459234,0.0219494297405519,0.0206308389096799,"CDCA8/BIRC5/NDC80/MAD2L1/AURKB/KNL1/INCENP/SKA1/SKA3",9
"GO:0048709","oligodendrocyte differentiation","22/1618","94/14562",0.234042553191489,2.1063829787234,3.80465927625914,0.000512463959901838,0.0223857259639015,0.021040925058032,"SOX8/ID4/SOX10/GSTP1/EED/NOTCH1/TNFRSF21/CXCR4/QKI/ZNF488/GPM6B/IL34/LYN/RHEB/B4GALT5/SOX9/PTPRZ1/SUZ12/SOX6/MDK/CDKN2C/EIF2B3",22
"GO:0022404","molting cycle process","21/1618","88/14562",0.238636363636364,2.14772727272727,3.81800384129592,0.00051649272799556,0.0223857259639015,0.021040925058032,"GAL/SMO/EGFR/TFAP2C/SOSTDC1/NOTCH1/LGR4/SPINK5/FOXQ1/SNAI1/CDH3/DKK1/FERMT1/SOX9/LGR5/CD109/GORAB/GNAS/WNT10A/LHX2/EXT1",21
"GO:0022405","hair cycle process","21/1618","88/14562",0.238636363636364,2.14772727272727,3.81800384129592,0.00051649272799556,0.0223857259639015,0.021040925058032,"GAL/SMO/EGFR/TFAP2C/SOSTDC1/NOTCH1/LGR4/SPINK5/FOXQ1/SNAI1/CDH3/DKK1/FERMT1/SOX9/LGR5/CD109/GORAB/GNAS/WNT10A/LHX2/EXT1",21
"GO:0000022","mitotic spindle elongation","6/1618","11/14562",0.545454545454545,4.90909090909091,4.58539021716659,0.000524826877868836,0.0223857259639015,0.021040925058032,"CDCA8/PRC1/BIRC5/KIF23/AURKB/INCENP",6
"GO:0007144","female meiosis I","6/1618","11/14562",0.545454545454545,4.90909090909091,4.58539021716659,0.000524826877868836,0.0223857259639015,0.021040925058032,"FBXO5/CCNB2/NDC80/TRIP13/AURKA/BRME1",6
"GO:0032534","regulation of microvillus assembly","6/1618","11/14562",0.545454545454545,4.90909090909091,4.58539021716659,0.000524826877868836,0.0223857259639015,0.021040925058032,"FSCN1/KLF5/PLD1/PODXL/RAPGEF2/STK26",6
"GO:0090267","positive regulation of mitotic cell cycle spindle assembly checkpoint","6/1618","11/14562",0.545454545454545,4.90909090909091,4.58539021716659,0.000524826877868836,0.0223857259639015,0.021040925058032,"CDCA8/BIRC5/NDC80/MAD2L1/AURKB/INCENP",6
"GO:1905208","negative regulation of cardiocyte differentiation","6/1618","11/14562",0.545454545454545,4.90909090909091,4.58539021716659,0.000524826877868836,0.0223857259639015,0.021040925058032,"EGFR/HEY2/FZD7/DKK1/PRICKLE1/SOX6",6
"GO:0006997","nucleus organization","30/1618","145/14562",0.206896551724138,1.86206896551724,3.68840982413563,0.000545172331652577,0.0230718634418907,0.0216858434885158,"CDKN2A/PSME4/UBXN2A/PLK1/SERBP1/RNF8/LPIN1/HMGB2/SEH1L/PYGO1/CHEK1/CHD5/NUP93/NDC1/CDC25A/TMEM170A/LMNB1/CDK1/EMG1/NUP205/RPS19/NEMP1/CHMP4C/DDX11/NUP153/PITPNB/PAFAH1B1/PML/REEP3/NUP35",30
"GO:0006999","nuclear pore organization","7/1618","15/14562",0.466666666666667,4.2,4.38388846079694,0.000591756151870023,0.024658023651384,0.0231767166525935,"SEH1L/NUP93/NDC1/TMEM170A/NUP205/NUP153/NUP35",7
"GO:0090306","meiotic spindle assembly","7/1618","15/14562",0.466666666666667,4.2,4.38388846079694,0.000591756151870023,0.024658023651384,0.0231767166525935,"FBXO5/CCNB2/NDC80/AURKA/ASPM/SKA1/SKA3",7
"GO:0006302","double-strand break repair","55/1618","319/14562",0.172413793103448,1.55172413793103,3.52263135613339,0.000602143937858631,0.0248993413082458,0.0234035373838666,"RAD51AP1/EID3/PELI1/RAD54L/FOXM1/PLK1/AUNIP/DEK/CGAS/CDC7/RNF8/BLM/MMS22L/RECQL/HMGB2/FBH1/SKP2/RNF168/DPF3/PARPBP/CHEK1/MSH2/ING3/SEM1/MCM7/MCM2/TRIP13/PRKDC/CDC45/RAD51/RIF1/MCMDC2/CDCA5/SMC5/NBN/RFWD3/H2AX/RHNO1/KDM4D/MCM8/DCLRE1B/HUS1B/GINS4/DDX11/MAD2L2/ESCO2/PML/MCM6/BRME1/TENT4A/RMI2/SMARCC1/XRCC2/FANCD2/MCM5",55
"GO:0034508","centromere complex assembly","10/1618","29/14562",0.344827586206897,3.10344827586207,4.00870231362594,0.000763596675865954,0.0313363878270142,0.0294538845387848,"NASP/HJURP/CENPA/CENPF/CENPW/CENPO/DLGAP5/OIP5/CENPH/CENPE",10
"GO:0061982","meiosis I cell cycle process","25/1618","116/14562",0.21551724137931,1.93965517241379,3.59231412136876,0.000822919881279179,0.0335169699014234,0.0315034702473082,"RAD51AP1/CDC20/CCNA1/RAD54L/CCNE1/PLK1/FBXO5/PTTG1/CKS2/CCNB2/STAG3/MSH6/NDC80/MND1/TRIP13/RAD51/AURKA/NDC1/MCMDC2/CDC25A/KNL1/MYBL1/BAG6/BRME1/FANCD2",25
"GO:0002009","morphogenesis of an epithelium","74/1618","464/14562",0.15948275862069,1.43534482758621,3.36949047859008,0.000834466376758597,0.0337336146485173,0.0317071002700812,"WNT6/SOX8/RGMA/MTHFD1L/LMO4/ID4/SERPINB5/CXCL10/SMO/SOX10/EGFR/CYP7B1/TFAP2C/SFRP1/SOSTDC1/NOTCH1/ETV5/PTCH1/BMP7/KRT16/LGR4/ITGB1/FOXD1/MYCN/FOXQ1/CLIC4/SNAI1/RDH10/CSMD1/HAND2/NRARP/FRZB/COL4A1/PRKX/LRP5/SNAI2/STAT1/KRT6A/MSN/PRICKLE1/PTK7/FERMT1/SOX9/PHACTR4/LGR5/CA9/RBM15/LAMA1/PODXL/MYC/RPS7/GORAB/OSR1/MMP12/WNT10A/ADAMTS16/TULP3/PLOD3/FOXF2/FAT1/YAP1/MDK/LCN2/ITGAV/FLNA/PHB2/ADAM17/PAFAH1B1/LHX2/PML/CTHRC1/SALL4/COBL/EXT1",74
"GO:0007056","spindle assembly involved in female meiosis","6/1618","12/14562",0.5,4.5,4.28822711065742,0.000951118248063011,0.0381645003685728,0.0358718048021893,"FBXO5/CCNB2/NDC80/AURKA/SKA1/SKA3",6
"GO:0002052","positive regulation of neuroblast proliferation","9/1618","25/14562",0.36,3.24,3.96306535990084,0.000981220778855212,0.0390828894048432,0.0367350225024974,"ID4/SMO/SOX10/NOTCH1/ITGB1/ASPM/DISC1/WDR62/NR2E1",9
"GO:0030177","positive regulation of Wnt signaling pathway","29/1618","144/14562",0.201388888888889,1.8125,3.46419804719285,0.00105009726428253,0.0415209991286019,0.0390266651351102,"FZD9/DLX5/WNK2/EGFR/SFRP1/LGR6/AMER1/GPRC5B/LGR4/SOX4/CDH3/NRARP/MACF1/MLLT3/TERT/DKK1/PTK7/ATP6V1C2/KANK1/DEPDC1B/LGR5/ASPM/HSP90B1/PPM1B/PPP2R3A/DISC1/YAP1/TBL1XR1/TNFAIP3",29
"GO:0048708","astrocyte differentiation","18/1618","75/14562",0.24,2.16,3.56081981737288,0.00117511128165109,0.0461273754543766,0.0433563178439843,"SOX8/ID4/CDK6/SERPINE2/SMO/ROR1/NOTCH1/QKI/S100A8/MYCN/S100A9/VPS54/IFNGR1/SOX9/S100B/VIM/NR2E1/APP",18
"GO:0030198","extracellular matrix organization","50/1618","292/14562",0.171232876712329,1.54109589041096,3.30220691203135,0.00121545880027151,0.0471053453061085,0.044275537099705,"FOXC1/MATN4/FSCN1/MELTF/SERPINB5/MIA/PLOD1/CYP1B1/NOTCH1/MMP1/ZNF469/PTX3/KLK7/SPINK5/ITGB1/PXDNL/GPM6B/ADAMTS3/CTSV/COL27A1/COL4A2/COL4A1/IBSP/PLOD2/MYO1E/DNAJB6/PRICKLE1/FERMT1/SOX9/ADTRP/LCP1/LAMA1/ATXN1L/MMP12/ADAMTS16/MMP7/KLK5/COLGALT2/PLOD3/FOXF2/CTSS/SMOC1/SLC39A8/COL11A2/NR2E1/APP/ADAMTS7/MMP13/TGFBI/EXT1",50
"GO:0045662","negative regulation of myoblast differentiation","8/1618","21/14562",0.380952380952381,3.42857142857143,3.93744045351828,0.00122649859590845,0.0471053453061085,0.044275537099705,"SOX8/CXCL10/SOSTDC1/NOTCH1/SOX4/PRICKLE1/SOX9/IL18",8
"GO:0060828","regulation of canonical Wnt signaling pathway","43/1618","242/14562",0.177685950413223,1.59917355371901,3.32306944886032,0.00123410300974621,0.0471053453061085,0.044275537099705,"FZD9/DLX5/WNK2/SOX10/EGFR/SFRP1/SOSTDC1/NOTCH1/LGR6/WWTR1/AMER1/TMEM131L/GPRC5B/LGR4/SOX4/FZD7/TLE4/CDH3/NRARP/FRZB/MLLT3/SNAI2/DKK1/PRICKLE1/PTK7/FERMT1/KANK1/SOX9/CDH2/LGR5/ASPM/PPM1B/PPP2R3A/YAP1/MDK/TBL1XR1/MAD2L2/CTHRC1/APP/NOTUM/OTULIN/CCNY/TLE1",43
"GO:0033260","nuclear DNA replication","12/1618","41/14562",0.292682926829268,2.63414634146341,3.70454793807533,0.00123480875640897,0.0471053453061085,0.044275537099705,"CDC7/BLM/CDT1/GINS1/MCM2/CDC45/RAD51/CDK1/GMNN/ATAD5/DBF4/MCM6",12
"GO:0042742","defense response to bacterium","41/1618","228/14562",0.179824561403509,1.61842105263158,3.32750407902643,0.00124947987152787,0.0473316955529125,0.0444882895736497,"BPI/PI3/OPTN/GBP1/CEBPB/RIPK2/S100A8/IL22RA1/KLK7/SPINK5/LYZ/MAP3K7/S100A9/HMGB2/H2BC11/SEH1L/TLR6/GBP4/KRT6A/GBP5/VGF/SPON2/SLAMF8/TREM1/AKIRIN2/HCK/RPS19/SLPI/MMP7/IL18/KLK5/PIM1/CCL20/LCN2/RPL30/ADAM17/NLRC4/FCGR1A/CLEC4E/APP/IL12A",41
"GO:0043062","extracellular structure organization","50/1618","293/14562",0.170648464163823,1.5358361774744,3.27581736448489,0.00131141772264297,0.04899275726591,0.0460495646056191,"FOXC1/MATN4/FSCN1/MELTF/SERPINB5/MIA/PLOD1/CYP1B1/NOTCH1/MMP1/ZNF469/PTX3/KLK7/SPINK5/ITGB1/PXDNL/GPM6B/ADAMTS3/CTSV/COL27A1/COL4A2/COL4A1/IBSP/PLOD2/MYO1E/DNAJB6/PRICKLE1/FERMT1/SOX9/ADTRP/LCP1/LAMA1/ATXN1L/MMP12/ADAMTS16/MMP7/KLK5/COLGALT2/PLOD3/FOXF2/CTSS/SMOC1/SLC39A8/COL11A2/NR2E1/APP/ADAMTS7/MMP13/TGFBI/EXT1",50
"GO:0045229","external encapsulating structure organization","50/1618","293/14562",0.170648464163823,1.5358361774744,3.27581736448489,0.00131141772264297,0.04899275726591,0.0460495646056191,"FOXC1/MATN4/FSCN1/MELTF/SERPINB5/MIA/PLOD1/CYP1B1/NOTCH1/MMP1/ZNF469/PTX3/KLK7/SPINK5/ITGB1/PXDNL/GPM6B/ADAMTS3/CTSV/COL27A1/COL4A2/COL4A1/IBSP/PLOD2/MYO1E/DNAJB6/PRICKLE1/FERMT1/SOX9/ADTRP/LCP1/LAMA1/ATXN1L/MMP12/ADAMTS16/MMP7/KLK5/COLGALT2/PLOD3/FOXF2/CTSS/SMOC1/SLC39A8/COL11A2/NR2E1/APP/ADAMTS7/MMP13/TGFBI/EXT1",50
"GO:1902742","apoptotic process involved in development","11/1618","36/14562",0.305555555555556,2.75,3.71678026593304,0.00132475170853913,0.0491519178435374,0.0461991637649875,"FOXC1/SIX3/CDKN2A/NOTCH1/BMP7/HAND2/LRP5/CRYAB/CHEK1/KIF1B/PML",11
"GO:0048732","gland development","63/1618","389/14562",0.161953727506427,1.45758354755784,3.23418542431246,0.0013368611650663,0.0492637886473753,0.0463043140381362,"FOXC1/ELF5/TBX19/SIX3/CCKBR/EZH2/LMO4/CDKN2A/ID4/SERPINB5/SERPINE2/BCL11B/NFIB/SMO/SOX10/EGFR/EPHB3/CYP7B1/TFAP2C/SFRP1/SOSTDC1/CEBPB/CA3/NOTCH1/ETV5/PTCH1/CCNB2/BMP7/SLC7A5/CSMD1/HAND2/PLAG1/FRZB/CEBPG/CRHR1/LRP5/SNAI2/MSN/SOX9/GATA6/AURKA/E2F7/LAMA1/TNFRSF11A/HOXA10/WNT10A/ASXL1/ONECUT2/MDK/TFCP2L1/ADA/TNFAIP3/PHB2/SRD5A1/ACADM/TGFA/PML/UPF2/SMARCC1/PIK3CA/COBL/E2F8/EXT1",63
